fiscal_year,month_numeric,month,item,revised_estimates_rs,provisional_actuals_rs,coppy_rs,perc_actuals_to_revised_estimates_current,perc_actuals_to_revised_estimates_coppy,released_on,updated_on,data_source,data_url
2020-2021,1,January,Food Subsidy,422618.14,125389.25,150817.51,30%,(139%),2021-02-15,2026-04-13,CONTROLLER GENERAL OF ACCOUNTS,https://cga.nic.in/MonthlyReport/Published/1/2020-2021.aspx
2020-2021,1,January,Nutrient Based Fertilizers Subsidy,38989.88,26461.72,26246.32,6 8%,(100%),2021-02-15,2026-04-13,CONTROLLER GENERAL OF ACCOUNTS,https://cga.nic.in/MonthlyReport/Published/1/2020-2021.aspx
2020-2021,1,January,Urea Subsidy,94957.42,72209.51,536414.60,76%,(100%),2021-02-15,2026-04-13,CONTROLLER GENERAL OF ACCOUNTS,https://cga.nic.in/MonthlyReport/Published/1/2020-2021.aspx
2020-2021,1,January,Petroleum,39054.79,28595.95,32272.84,73 %,(84%),2021-02-15,2026-04-13,CONTROLLER GENERAL OF ACCOUNTS,https://cga.nic.in/MonthlyReport/Published/1/2020-2021.aspx
2020-2021,1,January,Total Major Subsidies,595620.23,252656.43,262978.27,42%,(116%),2021-02-15,2026-04-13,CONTROLLER GENERAL OF ACCOUNTS,https://cga.nic.in/MonthlyReport/Published/1/2020-2021.aspx
2020-2021,2,February,Food Subsidy,422618.14,218857.43,152187.72,52%,(140%),2021-03-15,2026-04-13,CONTROLLER GENERAL OF ACCOUNTS,https://cga.nic.in/MonthlyReport/Published/2/2020-2021.aspx
2020-2021,2,February,Nutrient Based Fertilizers Subsidy,38989.88,32659.27,26263.52,84 %,(100%),2021-03-15,2026-04-13,CONTROLLER GENERAL OF ACCOUNTS,https://cga.nic.in/MonthlyReport/Published/2/2020-2021.aspx
2020-2021,2,February,Urea Subsidy,94957.42,85090.51,54051.60,90 %,(101%),2021-03-15,2026-04-13,CONTROLLER GENERAL OF ACCOUNTS,https://cga.nic.in/MonthlyReport/Published/2/2020-2021.aspx
2020-2021,2,February,Petroleum,39054.79,28962.64,33277.94,74 %,(86%),2021-03-15,2026-04-13,CONTROLLER GENERAL OF ACCOUNTS,https://cga.nic.in/MonthlyReport/Published/2/2020-2021.aspx
2020-2021,2,February,Total Major Subsidies,595620.23,365569.85,265780.78,61%,(117%),2021-03-15,2026-04-13,CONTROLLER GENERAL OF ACCOUNTS,https://cga.nic.in/MonthlyReport/Published/2/2020-2021.aspx
2020-2021,3,March,Food Subsidy,422618.14,525444.44,108688.35,124%,(100%),2021-04-15,2026-04-13,CONTROLLER GENERAL OF ACCOUNTS,https://cga.nic.in/MonthlyReport/Published/3/2020-2021.aspx
2020-2021,3,March,Nutrient Based Fertilizers Subsidy,38989.88,37372.47,26368.85,96%,(100%),2021-04-15,2026-04-13,CONTROLLER GENERAL OF ACCOUNTS,https://cga.nic.in/MonthlyReport/Published/3/2020-2021.aspx
2020-2021,3,March,Urea Subsidy,94957.42,90549.27,54755.48,95 %,(102%),2021-04-15,2026-04-13,CONTROLLER GENERAL OF ACCOUNTS,https://cga.nic.in/MonthlyReport/Published/3/2020-2021.aspx
2020-2021,3,March,Petroleum,39054.79,36178.43,33400.19,93 %,(87%),2021-04-15,2026-04-13,CONTROLLER GENERAL OF ACCOUNTS,https://cga.nic.in/MonthlyReport/Published/3/2020-2021.aspx
2020-2021,3,March,Total Major Subsidies,595620.23,689544.61,223212.87,116%,(98%),2021-04-15,2026-04-13,CONTROLLER GENERAL OF ACCOUNTS,https://cga.nic.in/MonthlyReport/Published/3/2020-2021.aspx
2020-2021,4,April,Food Subsidy,115569.68,19232.88,46862.09,17%,(25)%,2020-05-15,2026-04-13,CONTROLLER GENERAL OF ACCOUNTS,https://cga.nic.in/MonthlyReport/Published/4/2020-2021.aspx
2020-2021,4,April,Nutrient Based Fertilizers Subsidy,23504.00,7794.95,5405.21,33 %,(20)%,2020-05-15,2026-04-13,CONTROLLER GENERAL OF ACCOUNTS,https://cga.nic.in/MonthlyReport/Published/4/2020-2021.aspx
2020-2021,4,April,Urea Subsidy,47805.00,12798.98,11538.22,27 %,(22)%,2020-05-15,2026-04-13,CONTROLLER GENERAL OF ACCOUNTS,https://cga.nic.in/MonthlyReport/Published/4/2020-2021.aspx
2020-2021,4,April,Petroleum,40915.21,4242.38,5168.27,10 %,(14)%,2020-05-15,2026-04-13,CONTROLLER GENERAL OF ACCOUNTS,https://cga.nic.in/MonthlyReport/Published/4/2020-2021.aspx
2020-2021,4,April,Total Major Subsidies,227793.89,44069.19,68973.79,19 %,(23)%,2020-05-15,2026-04-13,CONTROLLER GENERAL OF ACCOUNTS,https://cga.nic.in/MonthlyReport/Published/4/2020-2021.aspx
2020-2021,5,May,Food Subsidy,115569.68,35950.90,77388.07,31 %,(42)%,2020-06-15,2026-04-13,CONTROLLER GENERAL OF ACCOUNTS,https://cga.nic.in/MonthlyReport/Published/5/2020-2021.aspx
2020-2021,5,May,Nutrient Based Fertilizers Subsidy,23504.00,7794.95,7740.48,33 %,(29)%,2020-06-15,2026-04-13,CONTROLLER GENERAL OF ACCOUNTS,https://cga.nic.in/MonthlyReport/Published/5/2020-2021.aspx
2020-2021,5,May,Urea Subsidy,47805.00,15382.09,15708.45,32%,(29)%,2020-06-15,2026-04-13,CONTROLLER GENERAL OF ACCOUNTS,https://cga.nic.in/MonthlyReport/Published/5/2020-2021.aspx
2020-2021,5,May,Petroleum,40915.21,8341.14,14222.00,20 %,(38)%,2020-06-15,2026-04-13,CONTROLLER GENERAL OF ACCOUNTS,https://cga.nic.in/MonthlyReport/Published/5/2020-2021.aspx
2020-2021,5,May,Total Major Subsidies,227793.89,67469.08,115059.00,30 %,(38)%,2020-06-15,2026-04-13,CONTROLLER GENERAL OF ACCOUNTS,https://cga.nic.in/MonthlyReport/Published/5/2020-2021.aspx
2020-2021,6,June,Food Subsidy,115569.68,41047.53,94406.16,36%,(51)%,2020-07-15,2026-04-13,CONTROLLER GENERAL OF ACCOUNTS,https://cga.nic.in/MonthlyReport/Published/6/2020-2021.aspx
2020-2021,6,June,Nutrient Based Fertilizers Subsidy,23504.00,7798.95,9606.18,33 %,(36)%,2020-07-15,2026-04-13,CONTROLLER GENERAL OF ACCOUNTS,https://cga.nic.in/MonthlyReport/Published/6/2020-2021.aspx
2020-2021,6,June,Urea Subsidy,47805.00,17714.55,19482.99,37%,(36)%,2020-07-15,2026-04-13,CONTROLLER GENERAL OF ACCOUNTS,https://cga.nic.in/MonthlyReport/Published/6/2020-2021.aspx
2020-2021,6,June,Petroleum,40915.21,12403.23,28328.91,30 %,(76)%,2020-07-15,2026-04-13,CONTROLLER GENERAL OF ACCOUNTS,https://cga.nic.in/MonthlyReport/Published/6/2020-2021.aspx
2020-2021,6,June,Total Major Subsidies,227793.89,78964.26,151824.24,35%,(50)%,2020-07-15,2026-04-13,CONTROLLER GENERAL OF ACCOUNTS,https://cga.nic.in/MonthlyReport/Published/6/2020-2021.aspx
2020-2021,7,July,Food Subsidy,115569.68,57047.53,108523.49,49%,(59)%,2020-08-15,2026-04-13,CONTROLLER GENERAL OF ACCOUNTS,https://cga.nic.in/MonthlyReport/Published/7/2020-2021.aspx
2020-2021,7,July,Nutrient Based Fertilizers Subsidy,23504.00,9400.10,11183.02,40 %,(42)%,2020-08-15,2026-04-13,CONTROLLER GENERAL OF ACCOUNTS,https://cga.nic.in/MonthlyReport/Published/7/2020-2021.aspx
2020-2021,7,July,Urea Subsidy,47805.00,21728.86,21568.59,45%,(40)%,2020-08-15,2026-04-13,CONTROLLER GENERAL OF ACCOUNTS,https://cga.nic.in/MonthlyReport/Published/7/2020-2021.aspx
2020-2021,7,July,Petroleum,40915.21,16461.08,28385.08,40 %,(76)%,2020-08-15,2026-04-13,CONTROLLER GENERAL OF ACCOUNTS,https://cga.nic.in/MonthlyReport/Published/7/2020-2021.aspx
2020-2021,7,July,Total Major Subsidies,227793.89,104637.57,169660.18,46%,(56)%,2020-08-15,2026-04-13,CONTROLLER GENERAL OF ACCOUNTS,https://cga.nic.in/MonthlyReport/Published/7/2020-2021.aspx
2020-2021,8,August,Food Subsidy,115569.68,71078.32,113725.63,62%,(62%),2020-09-15,2026-04-13,CONTROLLER GENERAL OF ACCOUNTS,https://cga.nic.in/MonthlyReport/Published/8/2020-2021.aspx
2020-2021,8,August,Nutrient Based Fertilizers Subsidy,23504.00,10501.59,14723.16,45%,(56%),2020-09-15,2026-04-13,CONTROLLER GENERAL OF ACCOUNTS,https://cga.nic.in/MonthlyReport/Published/8/2020-2021.aspx
2020-2021,8,August,Urea Subsidy,47805.00,32579.89,32692.84,68%,(61%),2020-09-15,2026-04-13,CONTROLLER GENERAL OF ACCOUNTS,https://cga.nic.in/MonthlyReport/Published/8/2020-2021.aspx
2020-2021,8,August,Petroleum,40915.21,16540.36,28385.08,40%,(76%),2020-09-15,2026-04-13,CONTROLLER GENERAL OF ACCOUNTS,https://cga.nic.in/MonthlyReport/Published/8/2020-2021.aspx
2020-2021,8,August,Total Major Subsidies,227793.89,130700.16,189526.71,57%,(63%),2020-09-15,2026-04-13,CONTROLLER GENERAL OF ACCOUNTS,https://cga.nic.in/MonthlyReport/Published/8/2020-2021.aspx
2020-2021,9,September,Food Subsidy,115569.68,83074.91,124243.33,72%,(67%),2020-10-15,2026-04-13,CONTROLLER GENERAL OF ACCOUNTS,https://cga.nic.in/MonthlyReport/Published/9/2020-2021.aspx
2020-2021,9,September,Nutrient Based Fertilizers Subsidy,23504.00,11576.91,18289.30,49%,(69%),2020-10-15,2026-04-13,CONTROLLER GENERAL OF ACCOUNTS,https://cga.nic.in/MonthlyReport/Published/9/2020-2021.aspx
2020-2021,9,September,Urea Subsidy,47805.00,43814.27,37543.13,92%,(70%),2020-10-15,2026-04-13,CONTROLLER GENERAL OF ACCOUNTS,https://cga.nic.in/MonthlyReport/Published/9/2020-2021.aspx
2020-2021,9,September,Petroleum,40915.21,17743.88,31312.28,43%,(84%),2020-10-15,2026-04-13,CONTROLLER GENERAL OF ACCOUNTS,https://cga.nic.in/MonthlyReport/Published/9/2020-2021.aspx
2020-2021,9,September,Total Major Subsidies,227793.89,156209.97,211388.04,69%,(70%),2020-10-15,2026-04-13,CONTROLLER GENERAL OF ACCOUNTS,https://cga.nic.in/MonthlyReport/Published/9/2020-2021.aspx
2020-2021,10,October,Food Subsidy,115569.68,105203.19,129788.08,91%,(70%),2020-11-15,2026-04-13,CONTROLLER GENERAL OF ACCOUNTS,https://cga.nic.in/MonthlyReport/Published/10/2020-2021.aspx
2020-2021,10,October,Nutrient Based Fertilizers Subsidy,23504.00,12795.43,20873.14,54%,(79%),2020-11-15,2026-04-13,CONTROLLER GENERAL OF ACCOUNTS,https://cga.nic.in/MonthlyReport/Published/10/2020-2021.aspx
2020-2021,10,October,Urea Subsidy,47805.00,48010.53,46222.23,100%,(86%),2020-11-15,2026-04-13,CONTROLLER GENERAL OF ACCOUNTS,https://cga.nic.in/MonthlyReport/Published/10/2020-2021.aspx
2020-2021,10,October,Petroleum,40915.21,19390.67,29840.34,47%,(80%),2020-11-15,2026-04-13,CONTROLLER GENERAL OF ACCOUNTS,https://cga.nic.in/MonthlyReport/Published/10/2020-2021.aspx
2020-2021,10,October,Total Major Subsidies,227793.89,185399.82,226723.79,81%,(75%),2020-11-15,2026-04-13,CONTROLLER GENERAL OF ACCOUNTS,https://cga.nic.in/MonthlyReport/Published/10/2020-2021.aspx
2020-2021,11,November,Food Subsidy,115569.68,116261.35,132177.49,101%,(72%),2020-12-15,2026-04-13,CONTROLLER GENERAL OF ACCOUNTS,https://cga.nic.in/MonthlyReport/Published/11/2020-2021.aspx
2020-2021,11,November,Nutrient Based Fertilizers Subsidy,23504.00,15801.69,22429.88,67%,(85%),2020-12-15,2026-04-13,CONTROLLER GENERAL OF ACCOUNTS,https://cga.nic.in/MonthlyReport/Published/11/2020-2021.aspx
2020-2021,11,November,Urea Subsidy,47805.00,49930.65,50851.05,104%,(95%),2020-12-15,2026-04-13,CONTROLLER GENERAL OF ACCOUNTS,https://cga.nic.in/MonthlyReport/Published/11/2020-2021.aspx
2020-2021,11,November,Petroleum,40915.21,20125.01,29556.61,49%,(79%),2020-12-15,2026-04-13,CONTROLLER GENERAL OF ACCOUNTS,https://cga.nic.in/MonthlyReport/Published/11/2020-2021.aspx
2020-2021,11,November,Total Major Subsidies,227793.89,202118.70,235015.03,89%,(78%),2020-12-15,2026-04-13,CONTROLLER GENERAL OF ACCOUNTS,https://cga.nic.in/MonthlyReport/Published/11/2020-2021.aspx
2020-2021,12,December,Food Subsidy,115569.68,125302.05,142625.08,108%,(77%),2021-01-15,2026-04-13,CONTROLLER GENERAL OF ACCOUNTS,https://cga.nic.in/MonthlyReport/Published/12/2020-2021.aspx
2020-2021,12,December,Nutrient Based Fertilizers Subsidy,23504.00,17954.72,25308.93,76 %,(96%),2021-01-15,2026-04-13,CONTROLLER GENERAL OF ACCOUNTS,https://cga.nic.in/MonthlyReport/Published/12/2020-2021.aspx
2020-2021,12,December,Urea Subsidy,47805.00,55559.68,51851.16,116%,(97%),2021-01-15,2026-04-13,CONTROLLER GENERAL OF ACCOUNTS,https://cga.nic.in/MonthlyReport/Published/12/2020-2021.aspx
2020-2021,12,December,Petroleum,40915.21,28535.73,32252.61,70 %,(86%),2021-01-15,2026-04-13,CONTROLLER GENERAL OF ACCOUNTS,https://cga.nic.in/MonthlyReport/Published/12/2020-2021.aspx
2020-2021,12,December,Total Major Subsidies,227793.89,227352.18,252037.78,100%,(84%),2021-01-15,2026-04-13,CONTROLLER GENERAL OF ACCOUNTS,https://cga.nic.in/MonthlyReport/Published/12/2020-2021.aspx
2021-2022,1,January,Food Subsidy,286469.11,209873.72,125389.25,73%,(30%),2022-02-15,2026-04-13,CONTROLLER GENERAL OF ACCOUNTS,https://cga.nic.in/MonthlyReport/Published/1/2021-2022.aspx
2021-2022,1,January,Nutrient Based Fertilizers Subsidy,64192.00,43671.63,26461.72,68%,(68%),2022-02-15,2026-04-13,CONTROLLER GENERAL OF ACCOUNTS,https://cga.nic.in/MonthlyReport/Published/1/2021-2022.aspx
2021-2022,1,January,Urea Subsidy,75930.32,72749.41,72209.51,96%,(76%),2022-02-15,2026-04-13,CONTROLLER GENERAL OF ACCOUNTS,https://cga.nic.in/MonthlyReport/Published/1/2021-2022.aspx
2021-2022,1,January,Petroleum,6516.92,1407.97,28595.95,22%,(73%),2022-02-15,2026-04-13,CONTROLLER GENERAL OF ACCOUNTS,https://cga.nic.in/MonthlyReport/Published/1/2021-2022.aspx
2021-2022,1,January,Total Major Subsidies,433108.35,327702.73,252656.43,76%,(42%),2022-02-15,2026-04-13,CONTROLLER GENERAL OF ACCOUNTS,https://cga.nic.in/MonthlyReport/Published/1/2021-2022.aspx
2021-2022,2,February,Food Subsidy,286469.11,253088.51,218857.43,88%,(52%),2022-03-15,2026-04-13,CONTROLLER GENERAL OF ACCOUNTS,https://cga.nic.in/MonthlyReport/Published/2/2021-2022.aspx
2021-2022,2,February,Nutrient Based Fertilizers Subsidy,64192.00,47289.77,32659.27,74%,(84%),2022-03-15,2026-04-13,CONTROLLER GENERAL OF ACCOUNTS,https://cga.nic.in/MonthlyReport/Published/2/2021-2022.aspx
2021-2022,2,February,Urea Subsidy,75930.32,80352.02,85090.51,106 %,(90%),2022-03-15,2026-04-13,CONTROLLER GENERAL OF ACCOUNTS,https://cga.nic.in/MonthlyReport/Published/2/2021-2022.aspx
2021-2022,2,February,Petroleum,6516.92,1430.80,28962.64,22 %,(74%),2022-03-15,2026-04-13,CONTROLLER GENERAL OF ACCOUNTS,https://cga.nic.in/MonthlyReport/Published/2/2021-2022.aspx
2021-2022,2,February,Total Major Subsidies,433108.35,382161.10,365569.85,88%,(61%),2022-03-15,2026-04-13,CONTROLLER GENERAL OF ACCOUNTS,https://cga.nic.in/MonthlyReport/Published/2/2021-2022.aspx
2021-2022,3,March,Food Subsidy,286469.11,288968.54,541330.14,101%,(128%),2022-04-15,2026-04-13,CONTROLLER GENERAL OF ACCOUNTS,https://cga.nic.in/MonthlyReport/Published/3/2021-2022.aspx
2021-2022,3,March,Nutrient Based Fertilizers Subsidy,64192.00,52769.97,37372.47,82 %,(96%),2022-04-15,2026-04-13,CONTROLLER GENERAL OF ACCOUNTS,https://cga.nic.in/MonthlyReport/Published/3/2021-2022.aspx
2021-2022,3,March,Urea Subsidy,75930.32,100888.14,90549.27,133 %,(95%),2022-04-15,2026-04-13,CONTROLLER GENERAL OF ACCOUNTS,https://cga.nic.in/MonthlyReport/Published/3/2021-2022.aspx
2021-2022,3,March,Petroleum,6516.92,3421.07,37878.43,52 %,(97%),2022-04-15,2026-04-13,CONTROLLER GENERAL OF ACCOUNTS,https://cga.nic.in/MonthlyReport/Published/3/2021-2022.aspx
2021-2022,3,March,Total Major Subsidies,433108.35,446047.72,707130.31,103%,(119%),2022-04-15,2026-04-13,CONTROLLER GENERAL OF ACCOUNTS,https://cga.nic.in/MonthlyReport/Published/3/2021-2022.aspx
2021-2022,4,April,Food Subsidy,242836.00,36008.97,19232.88,15%,(17%),2021-05-15,2026-04-13,CONTROLLER GENERAL OF ACCOUNTS,https://cga.nic.in/MonthlyReport/Published/4/2021-2022.aspx
2021-2022,4,April,Nutrient Based Fertilizers Subsidy,20762.00,578.94,7794.95,3%,(33%),2021-05-15,2026-04-13,CONTROLLER GENERAL OF ACCOUNTS,https://cga.nic.in/MonthlyReport/Published/4/2021-2022.aspx
2021-2022,4,April,Urea Subsidy,58767.68,780.87,12798.98,1%,(27%),2021-05-15,2026-04-13,CONTROLLER GENERAL OF ACCOUNTS,https://cga.nic.in/MonthlyReport/Published/4/2021-2022.aspx
2021-2022,4,April,Petroleum,14073.35,0.00,4242.38,0%,(10%),2021-05-15,2026-04-13,CONTROLLER GENERAL OF ACCOUNTS,https://cga.nic.in/MonthlyReport/Published/4/2021-2022.aspx
2021-2022,4,April,Total Major Subsidies,336439.03,37368.78,44069.19,11%,(19%),2021-05-15,2026-04-13,CONTROLLER GENERAL OF ACCOUNTS,https://cga.nic.in/MonthlyReport/Published/4/2021-2022.aspx
2021-2022,5,May,Food Subsidy,242836.00,55797.11,35950.90,23%,(31%),2021-06-15,2026-04-13,CONTROLLER GENERAL OF ACCOUNTS,https://cga.nic.in/MonthlyReport/Published/5/2021-2022.aspx
2021-2022,5,May,Nutrient Based Fertilizers Subsidy,20762.00,1973.72,7794.95,10%,(33%),2021-06-15,2026-04-13,CONTROLLER GENERAL OF ACCOUNTS,https://cga.nic.in/MonthlyReport/Published/5/2021-2022.aspx
2021-2022,5,May,Urea Subsidy,58767.68,4829.28,15382.09,8%,(32%),2021-06-15,2026-04-13,CONTROLLER GENERAL OF ACCOUNTS,https://cga.nic.in/MonthlyReport/Published/5/2021-2022.aspx
2021-2022,5,May,Petroleum,14073.35,63.46,8341.14,0%,(20%),2021-06-15,2026-04-13,CONTROLLER GENERAL OF ACCOUNTS,https://cga.nic.in/MonthlyReport/Published/5/2021-2022.aspx
2021-2022,5,May,Total Major Subsidies,336439.03,62663.57,67469.08,19%,(30%),2021-06-15,2026-04-13,CONTROLLER GENERAL OF ACCOUNTS,https://cga.nic.in/MonthlyReport/Published/5/2021-2022.aspx
2021-2022,6,June,Food Subsidy,242836.00,82191.25,41047.53,34%,(36%),2021-07-15,2026-04-13,CONTROLLER GENERAL OF ACCOUNTS,https://cga.nic.in/MonthlyReport/Published/6/2021-2022.aspx
2021-2022,6,June,Nutrient Based Fertilizers Subsidy,20762.00,5306.00,7798.95,26%,(33%),2021-07-15,2026-04-13,CONTROLLER GENERAL OF ACCOUNTS,https://cga.nic.in/MonthlyReport/Published/6/2021-2022.aspx
2021-2022,6,June,Urea Subsidy,58767.68,11413.51,17714.55,19%,(37%),2021-07-15,2026-04-13,CONTROLLER GENERAL OF ACCOUNTS,https://cga.nic.in/MonthlyReport/Published/6/2021-2022.aspx
2021-2022,6,June,Petroleum,14073.35,1179.49,12403.23,8%,(30%),2021-07-15,2026-04-13,CONTROLLER GENERAL OF ACCOUNTS,https://cga.nic.in/MonthlyReport/Published/6/2021-2022.aspx
2021-2022,6,June,Total Major Subsidies,336439.03,100090.25,78964.26,30%,(35%),2021-07-15,2026-04-13,CONTROLLER GENERAL OF ACCOUNTS,https://cga.nic.in/MonthlyReport/Published/6/2021-2022.aspx
2021-2022,7,July,Food Subsidy,242836.00,92204.09,57047.53,38%,(49%),2021-08-15,2026-04-13,CONTROLLER GENERAL OF ACCOUNTS,https://cga.nic.in/MonthlyReport/Published/7/2021-2022.aspx
2021-2022,7,July,Nutrient Based Fertilizers Subsidy,20762.00,8911.99,9400.10,43%,(40%),2021-08-15,2026-04-13,CONTROLLER GENERAL OF ACCOUNTS,https://cga.nic.in/MonthlyReport/Published/7/2021-2022.aspx
2021-2022,7,July,Urea Subsidy,58767.68,17720.17,21728.86,30%,(45%),2021-08-15,2026-04-13,CONTROLLER GENERAL OF ACCOUNTS,https://cga.nic.in/MonthlyReport/Published/7/2021-2022.aspx
2021-2022,7,July,Petroleum,14073.35,1232.76,16461.08,9%,(40%),2021-08-15,2026-04-13,CONTROLLER GENERAL OF ACCOUNTS,https://cga.nic.in/MonthlyReport/Published/7/2021-2022.aspx
2021-2022,7,July,Total Major Subsidies,336439.03,120069.01,104637.57,36%,(46%),2021-08-15,2026-04-13,CONTROLLER GENERAL OF ACCOUNTS,https://cga.nic.in/MonthlyReport/Published/7/2021-2022.aspx
2021-2022,8,August,Food Subsidy,242836.00,106878.80,71078.32,44%,(62%),2021-09-15,2026-04-13,CONTROLLER GENERAL OF ACCOUNTS,https://cga.nic.in/MonthlyReport/Published/8/2021-2022.aspx
2021-2022,8,August,Nutrient Based Fertilizers Subsidy,20762.00,13516.99,10501.59,65%,(45%),2021-09-15,2026-04-13,CONTROLLER GENERAL OF ACCOUNTS,https://cga.nic.in/MonthlyReport/Published/8/2021-2022.aspx
2021-2022,8,August,Urea Subsidy,58767.68,25768.87,32579.89,44%,(68%),2021-09-15,2026-04-13,CONTROLLER GENERAL OF ACCOUNTS,https://cga.nic.in/MonthlyReport/Published/8/2021-2022.aspx
2021-2022,8,August,Petroleum,14073.35,1233.14,16540.36,9%,(40%),2021-09-15,2026-04-13,CONTROLLER GENERAL OF ACCOUNTS,https://cga.nic.in/MonthlyReport/Published/8/2021-2022.aspx
2021-2022,8,August,Total Major Subsidies,336439.03,147397.80,130700.16,44%,(57%),2021-09-15,2026-04-13,CONTROLLER GENERAL OF ACCOUNTS,https://cga.nic.in/MonthlyReport/Published/8/2021-2022.aspx
2021-2022,9,September,Food Subsidy,242836.00,131251.25,83074.91,54%,(72%),2021-10-15,2026-04-13,CONTROLLER GENERAL OF ACCOUNTS,https://cga.nic.in/MonthlyReport/Published/9/2021-2022.aspx
2021-2022,9,September,Nutrient Based Fertilizers Subsidy,20762.00,16853.35,11576.91,81%,(49%),2021-10-15,2026-04-13,CONTROLLER GENERAL OF ACCOUNTS,https://cga.nic.in/MonthlyReport/Published/9/2021-2022.aspx
2021-2022,9,September,Urea Subsidy,58767.68,31584.15,43814.27,54%,(92%),2021-10-15,2026-04-13,CONTROLLER GENERAL OF ACCOUNTS,https://cga.nic.in/MonthlyReport/Published/9/2021-2022.aspx
2021-2022,9,September,Petroleum,14073.35,1269.75,17743.88,9%,(43%),2021-10-15,2026-04-13,CONTROLLER GENERAL OF ACCOUNTS,https://cga.nic.in/MonthlyReport/Published/9/2021-2022.aspx
2021-2022,9,September,Total Major Subsidies,336439.03,180958.50,156209.97,54%,(69%),2021-10-15,2026-04-13,CONTROLLER GENERAL OF ACCOUNTS,https://cga.nic.in/MonthlyReport/Published/9/2021-2022.aspx
2021-2022,10,October,Food Subsidy,242836.00,155166.39,105203.19,64%,(91%),2021-11-15,2026-04-13,CONTROLLER GENERAL OF ACCOUNTS,https://cga.nic.in/MonthlyReport/Published/10/2021-2022.aspx
2021-2022,10,October,Nutrient Based Fertilizers Subsidy,20762.00,18218.47,12795.43,88%,(54%),2021-11-15,2026-04-13,CONTROLLER GENERAL OF ACCOUNTS,https://cga.nic.in/MonthlyReport/Published/10/2021-2022.aspx
2021-2022,10,October,Urea Subsidy,58767.68,35258.59,48010.53,60%,(100%),2021-11-15,2026-04-13,CONTROLLER GENERAL OF ACCOUNTS,https://cga.nic.in/MonthlyReport/Published/10/2021-2022.aspx
2021-2022,10,October,Petroleum,14073.35,1272.31,19390.67,9%,(47%),2021-11-15,2026-04-13,CONTROLLER GENERAL OF ACCOUNTS,https://cga.nic.in/MonthlyReport/Published/10/2021-2022.aspx
2021-2022,10,October,Total Major Subsidies,336439.03,209915.76,185399.82,62%,(81%),2021-11-15,2026-04-13,CONTROLLER GENERAL OF ACCOUNTS,https://cga.nic.in/MonthlyReport/Published/10/2021-2022.aspx
2021-2022,11,November,Food Subsidy,242836.00,164197.52,116261.35,68%,(101%),2021-12-15,2026-04-13,CONTROLLER GENERAL OF ACCOUNTS,https://cga.nic.in/MonthlyReport/Published/11/2021-2022.aspx
2021-2022,11,November,Nutrient Based Fertilizers Subsidy,20762.00,24218.38,15801.69,117%,(67%),2021-12-15,2026-04-13,CONTROLLER GENERAL OF ACCOUNTS,https://cga.nic.in/MonthlyReport/Published/11/2021-2022.aspx
2021-2022,11,November,Urea Subsidy,58767.68,40849.17,49930.65,70%,(104%),2021-12-15,2026-04-13,CONTROLLER GENERAL OF ACCOUNTS,https://cga.nic.in/MonthlyReport/Published/11/2021-2022.aspx
2021-2022,11,November,Petroleum,14073.35,1341.54,20125.01,10%,(49%),2021-12-15,2026-04-13,CONTROLLER GENERAL OF ACCOUNTS,https://cga.nic.in/MonthlyReport/Published/11/2021-2022.aspx
2021-2022,11,November,Total Major Subsidies,336439.03,230606.61,202118.70,69%,(89%),2021-12-15,2026-04-13,CONTROLLER GENERAL OF ACCOUNTS,https://cga.nic.in/MonthlyReport/Published/11/2021-2022.aspx
2021-2022,12,December,Food Subsidy,242836.00,185768.72,125302.05,76%,(108%),2022-01-15,2026-04-13,CONTROLLER GENERAL OF ACCOUNTS,https://cga.nic.in/MonthlyReport/Published/12/2021-2022.aspx
2021-2022,12,December,Nutrient Based Fertilizers Subsidy,20762.00,35533.12,17954.72,171%,(76%),2022-01-15,2026-04-13,CONTROLLER GENERAL OF ACCOUNTS,https://cga.nic.in/MonthlyReport/Published/12/2021-2022.aspx
2021-2022,12,December,Urea Subsidy,58767.68,48698.73,55559.68,83%,(116%),2022-01-15,2026-04-13,CONTROLLER GENERAL OF ACCOUNTS,https://cga.nic.in/MonthlyReport/Published/12/2021-2022.aspx
2021-2022,12,December,Petroleum,14073.35,1373.80,28535.73,10%,(70%),2022-01-15,2026-04-13,CONTROLLER GENERAL OF ACCOUNTS,https://cga.nic.in/MonthlyReport/Published/12/2021-2022.aspx
2021-2022,12,December,Total Major Subsidies,336439.03,271374.37,227352.18,81%,(100%),2022-01-15,2026-04-13,CONTROLLER GENERAL OF ACCOUNTS,https://cga.nic.in/MonthlyReport/Published/12/2021-2022.aspx
2022-2023,1,January,Food Subsidy,287194.05,191232.03,209873.72,67%,(73%),2023-02-15,2026-04-13,CONTROLLER GENERAL OF ACCOUNTS,https://cga.nic.in/MonthlyReport/Published/1/2022-2023.aspx
2022-2023,1,January,Nutrient Based Fertilizers Subsidy,71122.23,65117.09,43671.63,92%,(68%),2023-02-15,2026-04-13,CONTROLLER GENERAL OF ACCOUNTS,https://cga.nic.in/MonthlyReport/Published/1/2022-2023.aspx
2022-2023,1,January,Urea Subsidy,154097.93,141488.42,72749.41,92%,(96%),2023-02-15,2026-04-13,CONTROLLER GENERAL OF ACCOUNTS,https://cga.nic.in/MonthlyReport/Published/1/2022-2023.aspx
2022-2023,1,January,Petroleum,9170.50,1562.00,1407.97,1 7%,(22%),2023-02-15,2026-04-13,CONTROLLER GENERAL OF ACCOUNTS,https://cga.nic.in/MonthlyReport/Published/1/2022-2023.aspx
2022-2023,1,January,Total Major Subsidies,521584.71,399399.54,327702.73,77%,(76%),2023-02-15,2026-04-13,CONTROLLER GENERAL OF ACCOUNTS,https://cga.nic.in/MonthlyReport/Published/1/2022-2023.aspx
2022-2023,2,February,Food Subsidy,287194.05,224386.14,253088.51,78%,(88%),2023-03-15,2026-04-13,CONTROLLER GENERAL OF ACCOUNTS,https://cga.nic.in/MonthlyReport/Published/2/2022-2023.aspx
2022-2023,2,February,Nutrient Based Fertilizers Subsidy,71122.23,72599.41,47289.77,102%,(74%),2023-03-15,2026-04-13,CONTROLLER GENERAL OF ACCOUNTS,https://cga.nic.in/MonthlyReport/Published/2/2022-2023.aspx
2022-2023,2,February,Urea Subsidy,154097.93,160868.22,80352.02,104%,(106%),2023-03-15,2026-04-13,CONTROLLER GENERAL OF ACCOUNTS,https://cga.nic.in/MonthlyReport/Published/2/2022-2023.aspx
2022-2023,2,February,Petroleum,9170.50,1693.57,1430.80,18%,(22%),2023-03-15,2026-04-13,CONTROLLER GENERAL OF ACCOUNTS,https://cga.nic.in/MonthlyReport/Published/2/2022-2023.aspx
2022-2023,2,February,Total Major Subsidies,521584.71,459547.34,382161.10,88%,(88%),2023-03-15,2026-04-13,CONTROLLER GENERAL OF ACCOUNTS,https://cga.nic.in/MonthlyReport/Published/2/2022-2023.aspx
2022-2023,3,March,Food Subsidy,287194.05,272802.38,288968.54,95%,(101%),2023-04-15,2026-04-13,CONTROLLER GENERAL OF ACCOUNTS,https://cga.nic.in/MonthlyReport/Published/3/2022-2023.aspx
2022-2023,3,March,Nutrient Based Fertilizers Subsidy,71122.23,86122.23,52769.97,121%,(82%),2023-04-15,2026-04-13,CONTROLLER GENERAL OF ACCOUNTS,https://cga.nic.in/MonthlyReport/Published/3/2022-2023.aspx
2022-2023,3,March,Urea Subsidy,154097.93,165217.12,100988.14,107%,(133%),2023-04-15,2026-04-13,CONTROLLER GENERAL OF ACCOUNTS,https://cga.nic.in/MonthlyReport/Published/3/2022-2023.aspx
2022-2023,3,March,Petroleum,9170.50,6817.38,3420.63,74%,(52%),2023-04-15,2026-04-13,CONTROLLER GENERAL OF ACCOUNTS,https://cga.nic.in/MonthlyReport/Published/3/2022-2023.aspx
2022-2023,3,March,Total Major Subsidies,521584.71,530959.11,446147.28,102%,(103%),2023-04-15,2026-04-13,CONTROLLER GENERAL OF ACCOUNTS,https://cga.nic.in/MonthlyReport/Published/3/2022-2023.aspx
2022-2023,4,April,Food Subsidy,206831.09,5001.46,36008.97,2%,(15%),2022-05-15,2026-04-13,CONTROLLER GENERAL OF ACCOUNTS,https://cga.nic.in/MonthlyReport/Published/4/2022-2023.aspx
2022-2023,4,April,Nutrient Based Fertilizers Subsidy,42000.00,629.57,578.94,1%,(3%),2022-05-15,2026-04-13,CONTROLLER GENERAL OF ACCOUNTS,https://cga.nic.in/MonthlyReport/Published/4/2022-2023.aspx
2022-2023,4,April,Urea Subsidy,63222.32,4519.97,780.87,7%,(1%),2022-05-15,2026-04-13,CONTROLLER GENERAL OF ACCOUNTS,https://cga.nic.in/MonthlyReport/Published/4/2022-2023.aspx
2022-2023,4,April,Petroleum,5812.50,0.00,0.00,0%,(0%),2022-05-15,2026-04-13,CONTROLLER GENERAL OF ACCOUNTS,https://cga.nic.in/MonthlyReport/Published/4/2022-2023.aspx
2022-2023,4,April,Total Major Subsidies,317865.91,10151.00,37368.78,3%,(11%),2022-05-15,2026-04-13,CONTROLLER GENERAL OF ACCOUNTS,https://cga.nic.in/MonthlyReport/Published/4/2022-2023.aspx
2022-2023,5,May,Food Subsidy,206831.09,25030.32,55797.11,12%,(23%),2022-06-15,2026-04-13,CONTROLLER GENERAL OF ACCOUNTS,https://cga.nic.in/MonthlyReport/Published/5/2022-2023.aspx
2022-2023,5,May,Nutrient Based Fertilizers Subsidy,42000.00,764.05,1973.72,2 %,(10%),2022-06-15,2026-04-13,CONTROLLER GENERAL OF ACCOUNTS,https://cga.nic.in/MonthlyReport/Published/5/2022-2023.aspx
2022-2023,5,May,Urea Subsidy,63222.32,10014.47,4829.28,16%,(8%),2022-06-15,2026-04-13,CONTROLLER GENERAL OF ACCOUNTS,https://cga.nic.in/MonthlyReport/Published/5/2022-2023.aspx
2022-2023,5,May,Petroleum,5812.50,0.00,63.46,0%,(0%),2022-06-15,2026-04-13,CONTROLLER GENERAL OF ACCOUNTS,https://cga.nic.in/MonthlyReport/Published/5/2022-2023.aspx
2022-2023,5,May,Total Major Subsidies,317865.91,35808.84,62663.57,11%,(19%),2022-06-15,2026-04-13,CONTROLLER GENERAL OF ACCOUNTS,https://cga.nic.in/MonthlyReport/Published/5/2022-2023.aspx
2022-2023,6,June,Food Subsidy,206831.09,42634.66,82191.25,21%,(34%),2022-07-15,2026-04-13,CONTROLLER GENERAL OF ACCOUNTS,https://cga.nic.in/MonthlyReport/Published/6/2022-2023.aspx
2022-2023,6,June,Nutrient Based Fertilizers Subsidy,42000.00,885.54,5306.00,2 %,(26%),2022-07-15,2026-04-13,CONTROLLER GENERAL OF ACCOUNTS,https://cga.nic.in/MonthlyReport/Published/6/2022-2023.aspx
2022-2023,6,June,Urea Subsidy,63222.32,24459.44,11413.51,39%,(19%),2022-07-15,2026-04-13,CONTROLLER GENERAL OF ACCOUNTS,https://cga.nic.in/MonthlyReport/Published/6/2022-2023.aspx
2022-2023,6,June,Petroleum,5812.50,0.00,1179.49,0%,(8%),2022-07-15,2026-04-13,CONTROLLER GENERAL OF ACCOUNTS,https://cga.nic.in/MonthlyReport/Published/6/2022-2023.aspx
2022-2023,6,June,Total Major Subsidies,317865.91,67979.64,100090.25,21%,(30%),2022-07-15,2026-04-13,CONTROLLER GENERAL OF ACCOUNTS,https://cga.nic.in/MonthlyReport/Published/6/2022-2023.aspx
2022-2023,7,July,Food Subsidy,206831.09,64287.78,92204.09,31%,(38%),2022-08-15,2026-04-13,CONTROLLER GENERAL OF ACCOUNTS,https://cga.nic.in/MonthlyReport/Published/7/2022-2023.aspx
2022-2023,7,July,Nutrient Based Fertilizers Subsidy,42000.00,11599.05,8911.99,28 %,(43%),2022-08-15,2026-04-13,CONTROLLER GENERAL OF ACCOUNTS,https://cga.nic.in/MonthlyReport/Published/7/2022-2023.aspx
2022-2023,7,July,Urea Subsidy,63222.32,33680.71,17720.17,53 %,(30%),2022-08-15,2026-04-13,CONTROLLER GENERAL OF ACCOUNTS,https://cga.nic.in/MonthlyReport/Published/7/2022-2023.aspx
2022-2023,7,July,Petroleum,5812.50,139.45,1232.76,2 %,(9%),2022-08-15,2026-04-13,CONTROLLER GENERAL OF ACCOUNTS,https://cga.nic.in/MonthlyReport/Published/7/2022-2023.aspx
2022-2023,7,July,Total Major Subsidies,317865.91,109706.99,120069.01,35%,(36%),2022-08-15,2026-04-13,CONTROLLER GENERAL OF ACCOUNTS,https://cga.nic.in/MonthlyReport/Published/7/2022-2023.aspx
2022-2023,8,August,Food Subsidy,206831.09,75168.17,106878.80,36%,(44%),2022-09-15,2026-04-13,CONTROLLER GENERAL OF ACCOUNTS,https://cga.nic.in/MonthlyReport/Published/8/2022-2023.aspx
2022-2023,8,August,Nutrient Based Fertilizers Subsidy,42000.00,13659.32,13516.99,33%,(65%),2022-09-15,2026-04-13,CONTROLLER GENERAL OF ACCOUNTS,https://cga.nic.in/MonthlyReport/Published/8/2022-2023.aspx
2022-2023,8,August,Urea Subsidy,63222.32,47309.96,25768.87,75%,(44%),2022-09-15,2026-04-13,CONTROLLER GENERAL OF ACCOUNTS,https://cga.nic.in/MonthlyReport/Published/8/2022-2023.aspx
2022-2023,8,August,Petroleum,5812.50,314.74,1233.14,5%,(9%),2022-09-15,2026-04-13,CONTROLLER GENERAL OF ACCOUNTS,https://cga.nic.in/MonthlyReport/Published/8/2022-2023.aspx
2022-2023,8,August,Total Major Subsidies,317865.91,136452.19,147397.80,43%,(44%),2022-09-15,2026-04-13,CONTROLLER GENERAL OF ACCOUNTS,https://cga.nic.in/MonthlyReport/Published/8/2022-2023.aspx
2022-2023,9,September,Food Subsidy,206831.09,116209.54,131251.25,56%,(54%),2022-10-15,2026-04-13,CONTROLLER GENERAL OF ACCOUNTS,https://cga.nic.in/MonthlyReport/Published/9/2022-2023.aspx
2022-2023,9,September,Nutrient Based Fertilizers Subsidy,42000.00,27006.56,16853.35,64 %,(81%),2022-10-15,2026-04-13,CONTROLLER GENERAL OF ACCOUNTS,https://cga.nic.in/MonthlyReport/Published/9/2022-2023.aspx
2022-2023,9,September,Urea Subsidy,63222.32,54718.78,31584.15,87 %,(54%),2022-10-15,2026-04-13,CONTROLLER GENERAL OF ACCOUNTS,https://cga.nic.in/MonthlyReport/Published/9/2022-2023.aspx
2022-2023,9,September,Petroleum,5812.50,944.35,1269.75,16 %,(9%),2022-10-15,2026-04-13,CONTROLLER GENERAL OF ACCOUNTS,https://cga.nic.in/MonthlyReport/Published/9/2022-2023.aspx
2022-2023,9,September,Total Major Subsidies,317865.91,198879.23,180958.50,63%,(54%),2022-10-15,2026-04-13,CONTROLLER GENERAL OF ACCOUNTS,https://cga.nic.in/MonthlyReport/Published/9/2022-2023.aspx
2022-2023,10,October,Food Subsidy,206831.09,135079.75,155166.39,65%,(64%),2022-11-15,2026-04-13,CONTROLLER GENERAL OF ACCOUNTS,https://cga.nic.in/MonthlyReport/Published/10/2022-2023.aspx
2022-2023,10,October,Nutrient Based Fertilizers Subsidy,42000.00,41391.99,18218.47,99%,(88%),2022-11-15,2026-04-13,CONTROLLER GENERAL OF ACCOUNTS,https://cga.nic.in/MonthlyReport/Published/10/2022-2023.aspx
2022-2023,10,October,Urea Subsidy,63222.32,61329.45,35258.59,97 %,(60%),2022-11-15,2026-04-13,CONTROLLER GENERAL OF ACCOUNTS,https://cga.nic.in/MonthlyReport/Published/10/2022-2023.aspx
2022-2023,10,October,Petroleum,5812.50,1107.84,1272.31,19 %,(9%),2022-11-15,2026-04-13,CONTROLLER GENERAL OF ACCOUNTS,https://cga.nic.in/MonthlyReport/Published/10/2022-2023.aspx
2022-2023,10,October,Total Major Subsidies,317865.91,238909.03,209915.76,75%,(62%),2022-11-15,2026-04-13,CONTROLLER GENERAL OF ACCOUNTS,https://cga.nic.in/MonthlyReport/Published/10/2022-2023.aspx
2022-2023,11,November,Food Subsidy,206831.09,147829.32,164197.52,71%,(68%),2022-12-15,2026-04-13,CONTROLLER GENERAL OF ACCOUNTS,https://cga.nic.in/MonthlyReport/Published/11/2022-2023.aspx
2022-2023,11,November,Nutrient Based Fertilizers Subsidy,42000.00,54258.79,24218.38,12 9%,(117%),2022-12-15,2026-04-13,CONTROLLER GENERAL OF ACCOUNTS,https://cga.nic.in/MonthlyReport/Published/11/2022-2023.aspx
2022-2023,11,November,Urea Subsidy,63222.32,97616.25,40849.17,154%,(70%),2022-12-15,2026-04-13,CONTROLLER GENERAL OF ACCOUNTS,https://cga.nic.in/MonthlyReport/Published/11/2022-2023.aspx
2022-2023,11,November,Petroleum,5812.50,1379.13,1341.54,24%,(10%),2022-12-15,2026-04-13,CONTROLLER GENERAL OF ACCOUNTS,https://cga.nic.in/MonthlyReport/Published/11/2022-2023.aspx
2022-2023,11,November,Total Major Subsidies,317865.91,301083.49,230606.61,95%,(69%),2022-12-15,2026-04-13,CONTROLLER GENERAL OF ACCOUNTS,https://cga.nic.in/MonthlyReport/Published/11/2022-2023.aspx
2022-2023,12,December,Food Subsidy,206831.09,168124.00,185768.72,81%,(76%),2023-01-15,2026-04-13,CONTROLLER GENERAL OF ACCOUNTS,https://cga.nic.in/MonthlyReport/Published/12/2022-2023.aspx
2022-2023,12,December,Nutrient Based Fertilizers Subsidy,42000.00,59137.23,35533.12,1 41%,(171%),2023-01-15,2026-04-13,CONTROLLER GENERAL OF ACCOUNTS,https://cga.nic.in/MonthlyReport/Published/12/2022-2023.aspx
2022-2023,12,December,Urea Subsidy,63222.32,121700.40,48698.73,192%,(83%),2023-01-15,2026-04-13,CONTROLLER GENERAL OF ACCOUNTS,https://cga.nic.in/MonthlyReport/Published/12/2022-2023.aspx
2022-2023,12,December,Petroleum,5812.50,1562.00,1373.80,27%,(10%),2023-01-15,2026-04-13,CONTROLLER GENERAL OF ACCOUNTS,https://cga.nic.in/MonthlyReport/Published/12/2022-2023.aspx
2022-2023,12,December,Total Major Subsidies,317865.91,350523.63,271374.37,110%,(81%),2023-01-15,2026-04-13,CONTROLLER GENERAL OF ACCOUNTS,https://cga.nic.in/MonthlyReport/Published/12/2022-2023.aspx
2023-2024,1,January,Food Subsidy,212332.00,148139.70,191232.03,70%,(67%),2024-02-15,2026-04-13,CONTROLLER GENERAL OF ACCOUNTS,https://cga.nic.in/MonthlyReport/Published/1/2023-2024.aspx
2023-2024,1,January,Nutrient Based Fertilizers Subsidy,60300.00,59561.42,65117.09,99%,(92%),2024-02-15,2026-04-13,CONTROLLER GENERAL OF ACCOUNTS,https://cga.nic.in/MonthlyReport/Published/1/2023-2024.aspx
2023-2024,1,January,Urea Subsidy,128593.80,105987.42,141488.42,82%,(92%),2024-02-15,2026-04-13,CONTROLLER GENERAL OF ACCOUNTS,https://cga.nic.in/MonthlyReport/Published/1/2023-2024.aspx
2023-2024,1,January,Petroleum,12240.00,1870.22,1562.00,15 %,(17%),2024-02-15,2026-04-13,CONTROLLER GENERAL OF ACCOUNTS,https://cga.nic.in/MonthlyReport/Published/1/2023-2024.aspx
2023-2024,1,January,Total Major Subsidies,413465.80,315558.76,399399.54,76%,(77%),2024-02-15,2026-04-13,CONTROLLER GENERAL OF ACCOUNTS,https://cga.nic.in/MonthlyReport/Published/1/2023-2024.aspx
2023-2024,2,February,Food Subsidy,212332.00,178406.87,224386.14,84%,(78%),2024-03-15,2026-04-13,CONTROLLER GENERAL OF ACCOUNTS,https://cga.nic.in/MonthlyReport/Published/2/2023-2024.aspx
2023-2024,2,February,Nutrient Based Fertilizers Subsidy,60300.00,60054.07,72599.41,100%,(102%),2024-03-15,2026-04-13,CONTROLLER GENERAL OF ACCOUNTS,https://cga.nic.in/MonthlyReport/Published/2/2023-2024.aspx
2023-2024,2,February,Urea Subsidy,128593.80,114473.04,160868.22,89%,(104%),2024-03-15,2026-04-13,CONTROLLER GENERAL OF ACCOUNTS,https://cga.nic.in/MonthlyReport/Published/2/2023-2024.aspx
2023-2024,2,February,Petroleum,12240.00,8063.03,1693.57,66%,(18%),2024-03-15,2026-04-13,CONTROLLER GENERAL OF ACCOUNTS,https://cga.nic.in/MonthlyReport/Published/2/2023-2024.aspx
2023-2024,2,February,Total Major Subsidies,413465.80,360997.01,459547.34,87%,(88%),2024-03-15,2026-04-13,CONTROLLER GENERAL OF ACCOUNTS,https://cga.nic.in/MonthlyReport/Published/2/2023-2024.aspx
2023-2024,3,March,Food Subsidy,212332.00,211814.39,272802.38,100%,(95%),2024-04-15,2026-04-13,CONTROLLER GENERAL OF ACCOUNTS,https://cga.nic.in/MonthlyReport/Published/3/2023-2024.aspx
2023-2024,3,March,Nutrient Based Fertilizers Subsidy,60300.00,65199.58,86122.23,108%,(121%),2024-04-15,2026-04-13,CONTROLLER GENERAL OF ACCOUNTS,https://cga.nic.in/MonthlyReport/Published/3/2023-2024.aspx
2023-2024,3,March,Urea Subsidy,128593.80,124287.86,165217.12,97 %,(107%),2024-04-15,2026-04-13,CONTROLLER GENERAL OF ACCOUNTS,https://cga.nic.in/MonthlyReport/Published/3/2023-2024.aspx
2023-2024,3,March,Petroleum,12240.00,12240.00,6817.38,100%,(74%),2024-04-15,2026-04-13,CONTROLLER GENERAL OF ACCOUNTS,https://cga.nic.in/MonthlyReport/Published/3/2023-2024.aspx
2023-2024,3,March,Total Major Subsidies,413465.80,413541.83,530959.11,100 %,(102%),2024-04-15,2026-04-13,CONTROLLER GENERAL OF ACCOUNTS,https://cga.nic.in/MonthlyReport/Published/3/2023-2024.aspx
2023-2024,4,April,Food Subsidy,197350.00,10000.01,5001.46,5%,(2%),2023-05-15,2026-04-13,CONTROLLER GENERAL OF ACCOUNTS,https://cga.nic.in/MonthlyReport/Published/4/2023-2024.aspx
2023-2024,4,April,Nutrient Based Fertilizers Subsidy,44000.00,9362.82,629.57,21%,(1%),2023-05-15,2026-04-13,CONTROLLER GENERAL OF ACCOUNTS,https://cga.nic.in/MonthlyReport/Published/4/2023-2024.aspx
2023-2024,4,April,Urea Subsidy,131099.92,5797.90,4519.97,4%,(7%),2023-05-15,2026-04-13,CONTROLLER GENERAL OF ACCOUNTS,https://cga.nic.in/MonthlyReport/Published/4/2023-2024.aspx
2023-2024,4,April,Petroleum,2257.09,0.00,0.00,0%,(0%),2023-05-15,2026-04-13,CONTROLLER GENERAL OF ACCOUNTS,https://cga.nic.in/MonthlyReport/Published/4/2023-2024.aspx
2023-2024,4,April,Total Major Subsidies,374707.01,25160.73,10151.00,7%,(3%),2023-05-15,2026-04-13,CONTROLLER GENERAL OF ACCOUNTS,https://cga.nic.in/MonthlyReport/Published/4/2023-2024.aspx
2023-2024,5,May,Food Subsidy,197350.00,30805.22,25030.32,16%,(12%),2023-06-15,2026-04-13,CONTROLLER GENERAL OF ACCOUNTS,https://cga.nic.in/MonthlyReport/Published/5/2023-2024.aspx
2023-2024,5,May,Nutrient Based Fertilizers Subsidy,44000.00,9473.06,764.05,22%,(2%),2023-06-15,2026-04-13,CONTROLLER GENERAL OF ACCOUNTS,https://cga.nic.in/MonthlyReport/Published/5/2023-2024.aspx
2023-2024,5,May,Urea Subsidy,131099.92,15038.04,10014.47,11 %,(16%),2023-06-15,2026-04-13,CONTROLLER GENERAL OF ACCOUNTS,https://cga.nic.in/MonthlyReport/Published/5/2023-2024.aspx
2023-2024,5,May,Petroleum,2257.09,0.00,0.00,0%,(0%),2023-06-15,2026-04-13,CONTROLLER GENERAL OF ACCOUNTS,https://cga.nic.in/MonthlyReport/Published/5/2023-2024.aspx
2023-2024,5,May,Total Major Subsidies,374707.01,55316.32,35808.84,15%,(11%),2023-06-15,2026-04-13,CONTROLLER GENERAL OF ACCOUNTS,https://cga.nic.in/MonthlyReport/Published/5/2023-2024.aspx
2023-2024,6,June,Food Subsidy,197350.00,41534.00,42634.66,21 %,(21%),2023-07-15,2026-04-13,CONTROLLER GENERAL OF ACCOUNTS,https://cga.nic.in/MonthlyReport/Published/6/2023-2024.aspx
2023-2024,6,June,Nutrient Based Fertilizers Subsidy,44000.00,16035.28,885.54,36%,(2%),2023-07-15,2026-04-13,CONTROLLER GENERAL OF ACCOUNTS,https://cga.nic.in/MonthlyReport/Published/6/2023-2024.aspx
2023-2024,6,June,Urea Subsidy,131099.92,29077.25,24459.44,22%,(39%),2023-07-15,2026-04-13,CONTROLLER GENERAL OF ACCOUNTS,https://cga.nic.in/MonthlyReport/Published/6/2023-2024.aspx
2023-2024,6,June,Petroleum,2257.09,388.61,0.00,17%,(0%),2023-07-15,2026-04-13,CONTROLLER GENERAL OF ACCOUNTS,https://cga.nic.in/MonthlyReport/Published/6/2023-2024.aspx
2023-2024,6,June,Total Major Subsidies,374707.01,87035.14,67979.64,23%,(21%),2023-07-15,2026-04-13,CONTROLLER GENERAL OF ACCOUNTS,https://cga.nic.in/MonthlyReport/Published/6/2023-2024.aspx
2023-2024,7,July,Food Subsidy,197350.00,68494.25,64287.78,35%,(31%),2023-08-15,2026-04-13,CONTROLLER GENERAL OF ACCOUNTS,https://cga.nic.in/MonthlyReport/Published/7/2023-2024.aspx
2023-2024,7,July,Nutrient Based Fertilizers Subsidy,44000.00,24561.46,11599.05,5 6%,(28%),2023-08-15,2026-04-13,CONTROLLER GENERAL OF ACCOUNTS,https://cga.nic.in/MonthlyReport/Published/7/2023-2024.aspx
2023-2024,7,July,Urea Subsidy,131099.92,47473.88,33680.71,36 %,(53%),2023-08-15,2026-04-13,CONTROLLER GENERAL OF ACCOUNTS,https://cga.nic.in/MonthlyReport/Published/7/2023-2024.aspx
2023-2024,7,July,Petroleum,2257.09,466.26,139.45,21 %,(2%),2023-08-15,2026-04-13,CONTROLLER GENERAL OF ACCOUNTS,https://cga.nic.in/MonthlyReport/Published/7/2023-2024.aspx
2023-2024,7,July,Total Major Subsidies,374707.01,140995.85,109706.99,38%,(35%),2023-08-15,2026-04-13,CONTROLLER GENERAL OF ACCOUNTS,https://cga.nic.in/MonthlyReport/Published/7/2023-2024.aspx
2023-2024,8,August,Food Subsidy,197350.00,82921.95,75168.17,42%,(36%),2023-09-15,2026-04-13,CONTROLLER GENERAL OF ACCOUNTS,https://cga.nic.in/MonthlyReport/Published/8/2023-2024.aspx
2023-2024,8,August,Nutrient Based Fertilizers Subsidy,44000.00,34110.69,13659.32,78%,(33%),2023-09-15,2026-04-13,CONTROLLER GENERAL OF ACCOUNTS,https://cga.nic.in/MonthlyReport/Published/8/2023-2024.aspx
2023-2024,8,August,Urea Subsidy,131099.92,62969.32,47309.96,48%,(75%),2023-09-15,2026-04-13,CONTROLLER GENERAL OF ACCOUNTS,https://cga.nic.in/MonthlyReport/Published/8/2023-2024.aspx
2023-2024,8,August,Petroleum,2257.09,736.72,314.74,33%,(5%),2023-09-15,2026-04-13,CONTROLLER GENERAL OF ACCOUNTS,https://cga.nic.in/MonthlyReport/Published/8/2023-2024.aspx
2023-2024,8,August,Total Major Subsidies,374707.01,180738.68,136452.19,48 %,(43%),2023-09-15,2026-04-13,CONTROLLER GENERAL OF ACCOUNTS,https://cga.nic.in/MonthlyReport/Published/8/2023-2024.aspx
2023-2024,9,September,Food Subsidy,197350.00,95149.44,116209.54,48%,(56%),2023-10-15,2026-04-13,CONTROLLER GENERAL OF ACCOUNTS,https://cga.nic.in/MonthlyReport/Published/9/2023-2024.aspx
2023-2024,9,September,Nutrient Based Fertilizers Subsidy,44000.00,42200.69,27006.56,96 %,(64%),2023-10-15,2026-04-13,CONTROLLER GENERAL OF ACCOUNTS,https://cga.nic.in/MonthlyReport/Published/9/2023-2024.aspx
2023-2024,9,September,Urea Subsidy,131099.92,67926.23,54718.78,52 %,(87%),2023-10-15,2026-04-13,CONTROLLER GENERAL OF ACCOUNTS,https://cga.nic.in/MonthlyReport/Published/9/2023-2024.aspx
2023-2024,9,September,Petroleum,2257.09,1119.17,944.35,50%,(16%),2023-10-15,2026-04-13,CONTROLLER GENERAL OF ACCOUNTS,https://cga.nic.in/MonthlyReport/Published/9/2023-2024.aspx
2023-2024,9,September,Total Major Subsidies,374707.01,206395.53,198879.23,55 %,(63%),2023-10-15,2026-04-13,CONTROLLER GENERAL OF ACCOUNTS,https://cga.nic.in/MonthlyReport/Published/9/2023-2024.aspx
2023-2024,10,October,Food Subsidy,197350.00,110871.82,135079.75,56%,(65%),2023-11-15,2026-04-13,CONTROLLER GENERAL OF ACCOUNTS,https://cga.nic.in/MonthlyReport/Published/10/2023-2024.aspx
2023-2024,10,October,Nutrient Based Fertilizers Subsidy,44000.00,43315.26,41391.99,98 %,(99%),2023-11-15,2026-04-13,CONTROLLER GENERAL OF ACCOUNTS,https://cga.nic.in/MonthlyReport/Published/10/2023-2024.aspx
2023-2024,10,October,Urea Subsidy,131099.92,76387.51,61329.45,58 %,(97%),2023-11-15,2026-04-13,CONTROLLER GENERAL OF ACCOUNTS,https://cga.nic.in/MonthlyReport/Published/10/2023-2024.aspx
2023-2024,10,October,Petroleum,2257.09,1119.17,1107.84,50%,(19%),2023-11-15,2026-04-13,CONTROLLER GENERAL OF ACCOUNTS,https://cga.nic.in/MonthlyReport/Published/10/2023-2024.aspx
2023-2024,10,October,Total Major Subsidies,374707.01,231693.76,238909.03,62%,(75%),2023-11-15,2026-04-13,CONTROLLER GENERAL OF ACCOUNTS,https://cga.nic.in/MonthlyReport/Published/10/2023-2024.aspx
2023-2024,11,November,Food Subsidy,197350.00,114391.63,147829.32,58%,(71%),2023-12-15,2026-04-13,CONTROLLER GENERAL OF ACCOUNTS,https://cga.nic.in/MonthlyReport/Published/11/2023-2024.aspx
2023-2024,11,November,Nutrient Based Fertilizers Subsidy,44000.00,44004.20,54258.79,100%,(129%),2023-12-15,2026-04-13,CONTROLLER GENERAL OF ACCOUNTS,https://cga.nic.in/MonthlyReport/Published/11/2023-2024.aspx
2023-2024,11,November,Urea Subsidy,131099.92,83240.55,97616.25,63%,(154%),2023-12-15,2026-04-13,CONTROLLER GENERAL OF ACCOUNTS,https://cga.nic.in/MonthlyReport/Published/11/2023-2024.aspx
2023-2024,11,November,Petroleum,2257.09,1119.17,1379.13,50%,(24%),2023-12-15,2026-04-13,CONTROLLER GENERAL OF ACCOUNTS,https://cga.nic.in/MonthlyReport/Published/11/2023-2024.aspx
2023-2024,11,November,Total Major Subsidies,374707.01,242755.55,301083.49,65%,(95%),2023-12-15,2026-04-13,CONTROLLER GENERAL OF ACCOUNTS,https://cga.nic.in/MonthlyReport/Published/11/2023-2024.aspx
2023-2024,12,December,Food Subsidy,197350.00,134256.29,168124.00,68%,(81%),2024-01-15,2026-04-13,CONTROLLER GENERAL OF ACCOUNTS,https://cga.nic.in/MonthlyReport/Published/12/2023-2024.aspx
2023-2024,12,December,Nutrient Based Fertilizers Subsidy,44000.00,44004.20,59137.23,100%,(141%),2024-01-15,2026-04-13,CONTROLLER GENERAL OF ACCOUNTS,https://cga.nic.in/MonthlyReport/Published/12/2023-2024.aspx
2023-2024,12,December,Urea Subsidy,131099.92,96834.85,121700.40,74 %,(192%),2024-01-15,2026-04-13,CONTROLLER GENERAL OF ACCOUNTS,https://cga.nic.in/MonthlyReport/Published/12/2023-2024.aspx
2023-2024,12,December,Petroleum,2257.09,1709.00,1562.00,76%,(27%),2024-01-15,2026-04-13,CONTROLLER GENERAL OF ACCOUNTS,https://cga.nic.in/MonthlyReport/Published/12/2023-2024.aspx
2023-2024,12,December,Total Major Subsidies,374707.01,276804.34,350523.63,74%,(110%),2024-01-15,2026-04-13,CONTROLLER GENERAL OF ACCOUNTS,https://cga.nic.in/MonthlyReport/Published/12/2023-2024.aspx
2024-2025,1,January,Food Subsidy,197420.00,170541.73,148139.70,86%,(70%),2025-02-15,2026-04-13,CONTROLLER GENERAL OF ACCOUNTS,https://cga.nic.in/MonthlyReport/Published/1/2024-2025.aspx
2024-2025,1,January,Nutrient Based Fertilizers Subsidy,52310.00,48014.75,59561.42,92%,(99%),2025-02-15,2026-04-13,CONTROLLER GENERAL OF ACCOUNTS,https://cga.nic.in/MonthlyReport/Published/1/2024-2025.aspx
2024-2025,1,January,Urea Subsidy,118988.50,112199.97,105987.42,94%,(82%),2025-02-15,2026-04-13,CONTROLLER GENERAL OF ACCOUNTS,https://cga.nic.in/MonthlyReport/Published/1/2024-2025.aspx
2024-2025,1,January,Petroleum,14700.01,6976.62,1870.22,47%,(15%),2025-02-15,2026-04-13,CONTROLLER GENERAL OF ACCOUNTS,https://cga.nic.in/MonthlyReport/Published/1/2024-2025.aspx
2024-2025,1,January,Total Major Subsidies,383418.51,337733.07,315558.76,88%,(76%),2025-02-15,2026-04-13,CONTROLLER GENERAL OF ACCOUNTS,https://cga.nic.in/MonthlyReport/Published/1/2024-2025.aspx
2024-2025,2,February,Food Subsidy,197420.00,186202.34,178406.87,94%,(84%),2025-03-15,2026-04-13,CONTROLLER GENERAL OF ACCOUNTS,https://cga.nic.in/MonthlyReport/Published/2/2024-2025.aspx
2024-2025,2,February,Nutrient Based Fertilizers Subsidy,52310.00,49523.04,60054.07,95%,(100%),2025-03-15,2026-04-13,CONTROLLER GENERAL OF ACCOUNTS,https://cga.nic.in/MonthlyReport/Published/2/2024-2025.aspx
2024-2025,2,February,Urea Subsidy,118988.50,116197.84,114473.04,98%,(89%),2025-03-15,2026-04-13,CONTROLLER GENERAL OF ACCOUNTS,https://cga.nic.in/MonthlyReport/Published/2/2024-2025.aspx
2024-2025,2,February,Petroleum,14700.01,11081.36,8063.03,75%,(66%),2025-03-15,2026-04-13,CONTROLLER GENERAL OF ACCOUNTS,https://cga.nic.in/MonthlyReport/Published/2/2024-2025.aspx
2024-2025,2,February,Total Major Subsidies,383418.51,363004.58,360997.01,95%,(87%),2025-03-15,2026-04-13,CONTROLLER GENERAL OF ACCOUNTS,https://cga.nic.in/MonthlyReport/Published/2/2024-2025.aspx
2024-2025,3,March,Food Subsidy,197420.00,199867.08,211814.39,101%,(100%),2025-04-15,2026-04-13,CONTROLLER GENERAL OF ACCOUNTS,https://cga.nic.in/MonthlyReport/Published/3/2024-2025.aspx
2024-2025,3,March,Nutrient Based Fertilizers Subsidy,52310.00,52810.00,65199.58,101%,(108%),2025-04-15,2026-04-13,CONTROLLER GENERAL OF ACCOUNTS,https://cga.nic.in/MonthlyReport/Published/3/2024-2025.aspx
2024-2025,3,March,Urea Subsidy,118988.50,120879.83,124287.86,102%,(97%),2025-04-15,2026-04-13,CONTROLLER GENERAL OF ACCOUNTS,https://cga.nic.in/MonthlyReport/Published/3/2024-2025.aspx
2024-2025,3,March,Petroleum,14700.01,14479.00,12240.00,98%,(100%),2025-04-15,2026-04-13,CONTROLLER GENERAL OF ACCOUNTS,https://cga.nic.in/MonthlyReport/Published/3/2024-2025.aspx
2024-2025,3,March,Total Major Subsidies,383418.51,388035.91,413541.83,101%,(100%),2025-04-15,2026-04-13,CONTROLLER GENERAL OF ACCOUNTS,https://cga.nic.in/MonthlyReport/Published/3/2024-2025.aspx
2024-2025,4,April,Food Subsidy,205250.01,12814.40,10000.01,6%,(5%),2024-05-15,2026-04-13,CONTROLLER GENERAL OF ACCOUNTS,https://cga.nic.in/MonthlyReport/Published/4/2024-2025.aspx
2024-2025,4,April,Nutrient Based Fertilizers Subsidy,45000.00,1811.38,9362.82,4%,(21%),2024-05-15,2026-04-13,CONTROLLER GENERAL OF ACCOUNTS,https://cga.nic.in/MonthlyReport/Published/4/2024-2025.aspx
2024-2025,4,April,Urea Subsidy,118999.80,4781.44,5797.90,4%,(4%),2024-05-15,2026-04-13,CONTROLLER GENERAL OF ACCOUNTS,https://cga.nic.in/MonthlyReport/Published/4/2024-2025.aspx
2024-2025,4,April,Petroleum,11925.01,0.00,0.00,0%,(0%),2024-05-15,2026-04-13,CONTROLLER GENERAL OF ACCOUNTS,https://cga.nic.in/MonthlyReport/Published/4/2024-2025.aspx
2024-2025,4,April,Total Major Subsidies,381174.82,19407.22,25160.73,5%,(7%),2024-05-15,2026-04-13,CONTROLLER GENERAL OF ACCOUNTS,https://cga.nic.in/MonthlyReport/Published/4/2024-2025.aspx
2024-2025,5,May,Food Subsidy,205250.01,38539.12,30805.22,19 %,(16%),2024-06-15,2026-04-13,CONTROLLER GENERAL OF ACCOUNTS,https://cga.nic.in/MonthlyReport/Published/5/2024-2025.aspx
2024-2025,5,May,Nutrient Based Fertilizers Subsidy,45000.00,3583.42,9473.06,8 %,(22%),2024-06-15,2026-04-13,CONTROLLER GENERAL OF ACCOUNTS,https://cga.nic.in/MonthlyReport/Published/5/2024-2025.aspx
2024-2025,5,May,Urea Subsidy,118999.80,12442.67,15038.04,10 %,(11%),2024-06-15,2026-04-13,CONTROLLER GENERAL OF ACCOUNTS,https://cga.nic.in/MonthlyReport/Published/5/2024-2025.aspx
2024-2025,5,May,Petroleum,11925.01,122.45,0.00,1 %,(0%),2024-06-15,2026-04-13,CONTROLLER GENERAL OF ACCOUNTS,https://cga.nic.in/MonthlyReport/Published/5/2024-2025.aspx
2024-2025,5,May,Total Major Subsidies,381174.82,54687.66,55316.32,14 %,(15%),2024-06-15,2026-04-13,CONTROLLER GENERAL OF ACCOUNTS,https://cga.nic.in/MonthlyReport/Published/5/2024-2025.aspx
2024-2025,6,June,Food Subsidy,205250.01,61968.97,41534.00,30%,(21%),2024-07-15,2026-04-13,CONTROLLER GENERAL OF ACCOUNTS,https://cga.nic.in/MonthlyReport/Published/6/2024-2025.aspx
2024-2025,6,June,Nutrient Based Fertilizers Subsidy,45000.00,7914.17,16035.28,18 %,(36%),2024-07-15,2026-04-13,CONTROLLER GENERAL OF ACCOUNTS,https://cga.nic.in/MonthlyReport/Published/6/2024-2025.aspx
2024-2025,6,June,Urea Subsidy,118999.80,19910.75,29077.25,17%,(22%),2024-07-15,2026-04-13,CONTROLLER GENERAL OF ACCOUNTS,https://cga.nic.in/MonthlyReport/Published/6/2024-2025.aspx
2024-2025,6,June,Petroleum,11925.01,380.13,388.61,3 %,(17%),2024-07-15,2026-04-13,CONTROLLER GENERAL OF ACCOUNTS,https://cga.nic.in/MonthlyReport/Published/6/2024-2025.aspx
2024-2025,6,June,Total Major Subsidies,381174.82,90174.02,87035.14,24 %,(23%),2024-07-15,2026-04-13,CONTROLLER GENERAL OF ACCOUNTS,https://cga.nic.in/MonthlyReport/Published/6/2024-2025.aspx
2024-2025,7,July,Food Subsidy,205250.01,78897.17,68494.25,38%,(35%),2024-08-15,2026-04-13,CONTROLLER GENERAL OF ACCOUNTS,https://cga.nic.in/MonthlyReport/Published/7/2024-2025.aspx
2024-2025,7,July,Nutrient Based Fertilizers Subsidy,45000.00,12759.32,24561.46,28 %,(56%),2024-08-15,2026-04-13,CONTROLLER GENERAL OF ACCOUNTS,https://cga.nic.in/MonthlyReport/Published/7/2024-2025.aspx
2024-2025,7,July,Urea Subsidy,118999.80,30455.85,47473.88,26%,(36%),2024-08-15,2026-04-13,CONTROLLER GENERAL OF ACCOUNTS,https://cga.nic.in/MonthlyReport/Published/7/2024-2025.aspx
2024-2025,7,July,Petroleum,11925.01,3526.81,466.26,30 %,(21%),2024-08-15,2026-04-13,CONTROLLER GENERAL OF ACCOUNTS,https://cga.nic.in/MonthlyReport/Published/7/2024-2025.aspx
2024-2025,7,July,Total Major Subsidies,381174.82,125639.15,140995.85,33%,(38%),2024-08-15,2026-04-13,CONTROLLER GENERAL OF ACCOUNTS,https://cga.nic.in/MonthlyReport/Published/7/2024-2025.aspx
2024-2025,8,August,Food Subsidy,205250.01,113790.70,82921.95,55%,(42%),2024-09-15,2026-04-13,CONTROLLER GENERAL OF ACCOUNTS,https://cga.nic.in/MonthlyReport/Published/8/2024-2025.aspx
2024-2025,8,August,Nutrient Based Fertilizers Subsidy,45000.00,17814.80,34110.69,40%,(78%),2024-09-15,2026-04-13,CONTROLLER GENERAL OF ACCOUNTS,https://cga.nic.in/MonthlyReport/Published/8/2024-2025.aspx
2024-2025,8,August,Urea Subsidy,118999.80,43355.09,62969.32,3 6%,(48%),2024-09-15,2026-04-13,CONTROLLER GENERAL OF ACCOUNTS,https://cga.nic.in/MonthlyReport/Published/8/2024-2025.aspx
2024-2025,8,August,Petroleum,11925.01,3664.09,736.72,31 %,(33%),2024-09-15,2026-04-13,CONTROLLER GENERAL OF ACCOUNTS,https://cga.nic.in/MonthlyReport/Published/8/2024-2025.aspx
2024-2025,8,August,Total Major Subsidies,381174.82,178624.68,180738.68,47 %,(48%),2024-09-15,2026-04-13,CONTROLLER GENERAL OF ACCOUNTS,https://cga.nic.in/MonthlyReport/Published/8/2024-2025.aspx
2024-2025,9,September,Food Subsidy,205250.01,121436.78,95149.44,59%,(48%),2024-10-15,2026-04-13,CONTROLLER GENERAL OF ACCOUNTS,https://cga.nic.in/MonthlyReport/Published/9/2024-2025.aspx
2024-2025,9,September,Nutrient Based Fertilizers Subsidy,45000.00,26193.21,42200.69,58 %,(96%),2024-10-15,2026-04-13,CONTROLLER GENERAL OF ACCOUNTS,https://cga.nic.in/MonthlyReport/Published/9/2024-2025.aspx
2024-2025,9,September,Urea Subsidy,118999.80,63267.44,67926.23,53%,(52%),2024-10-15,2026-04-13,CONTROLLER GENERAL OF ACCOUNTS,https://cga.nic.in/MonthlyReport/Published/9/2024-2025.aspx
2024-2025,9,September,Petroleum,11925.01,3760.52,1119.17,32 %,(50%),2024-10-15,2026-04-13,CONTROLLER GENERAL OF ACCOUNTS,https://cga.nic.in/MonthlyReport/Published/9/2024-2025.aspx
2024-2025,9,September,Total Major Subsidies,381174.82,214657.95,206395.53,56 %,(55%),2024-10-15,2026-04-13,CONTROLLER GENERAL OF ACCOUNTS,https://cga.nic.in/MonthlyReport/Published/9/2024-2025.aspx
2024-2025,10,October,Food Subsidy,205250.01,140239.11,110871.82,68%,(56%),2024-11-15,2026-04-13,CONTROLLER GENERAL OF ACCOUNTS,https://cga.nic.in/MonthlyReport/Published/10/2024-2025.aspx
2024-2025,10,October,Nutrient Based Fertilizers Subsidy,45000.00,31173.20,43315.26,69%,(98%),2024-11-15,2026-04-13,CONTROLLER GENERAL OF ACCOUNTS,https://cga.nic.in/MonthlyReport/Published/10/2024-2025.aspx
2024-2025,10,October,Urea Subsidy,118999.80,71272.72,76387.51,60 %,(58%),2024-11-15,2026-04-13,CONTROLLER GENERAL OF ACCOUNTS,https://cga.nic.in/MonthlyReport/Published/10/2024-2025.aspx
2024-2025,10,October,Petroleum,11925.01,5985.40,1119.17,50%,(50%),2024-11-15,2026-04-13,CONTROLLER GENERAL OF ACCOUNTS,https://cga.nic.in/MonthlyReport/Published/10/2024-2025.aspx
2024-2025,10,October,Total Major Subsidies,381174.82,248670.43,231693.76,65 %,(62%),2024-11-15,2026-04-13,CONTROLLER GENERAL OF ACCOUNTS,https://cga.nic.in/MonthlyReport/Published/10/2024-2025.aspx
2024-2025,11,November,Food Subsidy,205250.01,151765.26,114391.63,74%,(58%),2024-12-15,2026-04-13,CONTROLLER GENERAL OF ACCOUNTS,https://cga.nic.in/MonthlyReport/Published/11/2024-2025.aspx
2024-2025,11,November,Nutrient Based Fertilizers Subsidy,45000.00,37273.35,44004.20,83%,(100%),2024-12-15,2026-04-13,CONTROLLER GENERAL OF ACCOUNTS,https://cga.nic.in/MonthlyReport/Published/11/2024-2025.aspx
2024-2025,11,November,Urea Subsidy,118999.80,84089.36,83240.55,71%,(63%),2024-12-15,2026-04-13,CONTROLLER GENERAL OF ACCOUNTS,https://cga.nic.in/MonthlyReport/Published/11/2024-2025.aspx
2024-2025,11,November,Petroleum,11925.01,6082.82,1119.17,51%,(50%),2024-12-15,2026-04-13,CONTROLLER GENERAL OF ACCOUNTS,https://cga.nic.in/MonthlyReport/Published/11/2024-2025.aspx
2024-2025,11,November,Total Major Subsidies,381174.82,279210.79,242755.55,73 %,(65%),2024-12-15,2026-04-13,CONTROLLER GENERAL OF ACCOUNTS,https://cga.nic.in/MonthlyReport/Published/11/2024-2025.aspx
2024-2025,12,December,Food Subsidy,205250.01,163716.30,134256.29,80%,(68%),2025-01-15,2026-04-13,CONTROLLER GENERAL OF ACCOUNTS,https://cga.nic.in/MonthlyReport/Published/12/2024-2025.aspx
2024-2025,12,December,Nutrient Based Fertilizers Subsidy,45000.00,40990.68,44004.20,91 %,(100%),2025-01-15,2026-04-13,CONTROLLER GENERAL OF ACCOUNTS,https://cga.nic.in/MonthlyReport/Published/12/2024-2025.aspx
2024-2025,12,December,Urea Subsidy,118999.80,95407.98,96834.85,80%,(74%),2025-01-15,2026-04-13,CONTROLLER GENERAL OF ACCOUNTS,https://cga.nic.in/MonthlyReport/Published/12/2024-2025.aspx
2024-2025,12,December,Petroleum,11925.01,6879.23,1709.00,58%,(76%),2025-01-15,2026-04-13,CONTROLLER GENERAL OF ACCOUNTS,https://cga.nic.in/MonthlyReport/Published/12/2024-2025.aspx
2024-2025,12,December,Total Major Subsidies,381174.82,306994.19,276804.34,81 %,(74%),2025-01-15,2026-04-13,CONTROLLER GENERAL OF ACCOUNTS,https://cga.nic.in/MonthlyReport/Published/12/2024-2025.aspx
2025-2026,1,January,Food Subsidy,228153.65,162842.02,170541.73,71%,(86%),2026-02-15,2026-04-13,CONTROLLER GENERAL OF ACCOUNTS,https://cga.nic.in/MonthlyReport/Published/1/2025-2026.aspx
2025-2026,1,January,Nutrient Based Fertilizers Subsidy,60000.00,57708.47,48014.75,96%,(92%),2026-02-15,2026-04-13,CONTROLLER GENERAL OF ACCOUNTS,https://cga.nic.in/MonthlyReport/Published/1/2025-2026.aspx
2025-2026,1,January,Urea Subsidy,126460.00,125487.68,112199.97,99%,(94%),2026-02-15,2026-04-13,CONTROLLER GENERAL OF ACCOUNTS,https://cga.nic.in/MonthlyReport/Published/1/2025-2026.aspx
2025-2026,1,January,Petroleum,15120.51,8822.92,6976.62,58 %,(47%),2026-02-15,2026-04-13,CONTROLLER GENERAL OF ACCOUNTS,https://cga.nic.in/MonthlyReport/Published/1/2025-2026.aspx
2025-2026,1,January,Total Major Subsidies,429734.16,354861.09,337733.07,83%,(88%),2026-02-15,2026-04-13,CONTROLLER GENERAL OF ACCOUNTS,https://cga.nic.in/MonthlyReport/Published/1/2025-2026.aspx
2025-2026,2,February,Food Subsidy,228153.65,192813.91,186202.34,85%,(94%),2026-03-15,2026-04-13,CONTROLLER GENERAL OF ACCOUNTS,https://cga.nic.in/MonthlyReport/Published/2/2025-2026.aspx
2025-2026,2,February,Nutrient Based Fertilizers Subsidy,60000.00,59941.17,49523.04,100 %,(95%),2026-03-15,2026-04-13,CONTROLLER GENERAL OF ACCOUNTS,https://cga.nic.in/MonthlyReport/Published/2/2025-2026.aspx
2025-2026,2,February,Urea Subsidy,126460.00,128032.09,116197.84,101%,(98%),2026-03-15,2026-04-13,CONTROLLER GENERAL OF ACCOUNTS,https://cga.nic.in/MonthlyReport/Published/2/2025-2026.aspx
2025-2026,2,February,Petroleum,15120.51,8822.92,11081.36,58 %,(75%),2026-03-15,2026-04-13,CONTROLLER GENERAL OF ACCOUNTS,https://cga.nic.in/MonthlyReport/Published/2/2025-2026.aspx
2025-2026,2,February,Total Major Subsidies,429734.16,389610.09,363004.58,91 %,(95%),2026-03-15,2026-04-13,CONTROLLER GENERAL OF ACCOUNTS,https://cga.nic.in/MonthlyReport/Published/2/2025-2026.aspx
2025-2026,4,April,Food Subsidy,203420.00,14422.53,12814.40,7%,(6%),2025-05-15,2026-04-13,CONTROLLER GENERAL OF ACCOUNTS,https://cga.nic.in/MonthlyReport/Published/4/2025-2026.aspx
2025-2026,4,April,Nutrient Based Fertilizers Subsidy,49000.00,1885.81,1811.38,4%,(4%),2025-05-15,2026-04-13,CONTROLLER GENERAL OF ACCOUNTS,https://cga.nic.in/MonthlyReport/Published/4/2025-2026.aspx
2025-2026,4,April,Urea Subsidy,118887.20,12646.33,4781.44,11%,(4%),2025-05-15,2026-04-13,CONTROLLER GENERAL OF ACCOUNTS,https://cga.nic.in/MonthlyReport/Published/4/2025-2026.aspx
2025-2026,4,April,Petroleum,12100.01,0.00,0.00,0%,(0%),2025-05-15,2026-04-13,CONTROLLER GENERAL OF ACCOUNTS,https://cga.nic.in/MonthlyReport/Published/4/2025-2026.aspx
2025-2026,4,April,Total Major Subsidies,383407.21,28954.67,19407.22,8 %,(5%),2025-05-15,2026-04-13,CONTROLLER GENERAL OF ACCOUNTS,https://cga.nic.in/MonthlyReport/Published/4/2025-2026.aspx
2025-2026,5,May,Food Subsidy,203420.00,27990.67,38539.12,14 %,(19%),2025-06-15,2026-04-13,CONTROLLER GENERAL OF ACCOUNTS,https://cga.nic.in/MonthlyReport/Published/5/2025-2026.aspx
2025-2026,5,May,Nutrient Based Fertilizers Subsidy,49000.00,4310.70,3583.42,9%,(8%),2025-06-15,2026-04-13,CONTROLLER GENERAL OF ACCOUNTS,https://cga.nic.in/MonthlyReport/Published/5/2025-2026.aspx
2025-2026,5,May,Urea Subsidy,118887.20,18951.37,12442.67,16%,(10%),2025-06-15,2026-04-13,CONTROLLER GENERAL OF ACCOUNTS,https://cga.nic.in/MonthlyReport/Published/5/2025-2026.aspx
2025-2026,5,May,Petroleum,12100.01,0.00,122.45,0%,(1%),2025-06-15,2026-04-13,CONTROLLER GENERAL OF ACCOUNTS,https://cga.nic.in/MonthlyReport/Published/5/2025-2026.aspx
2025-2026,5,May,Total Major Subsidies,383407.21,51252.74,54687.66,13 %,(14%),2025-06-15,2026-04-13,CONTROLLER GENERAL OF ACCOUNTS,https://cga.nic.in/MonthlyReport/Published/5/2025-2026.aspx
2025-2026,6,June,Food Subsidy,203420.00,42277.09,61968.97,21%,(30%),2025-07-15,2026-04-13,CONTROLLER GENERAL OF ACCOUNTS,https://cga.nic.in/MonthlyReport/Published/6/2025-2026.aspx
2025-2026,6,June,Nutrient Based Fertilizers Subsidy,49000.00,9498.73,7914.17,19%,(18%),2025-07-15,2026-04-13,CONTROLLER GENERAL OF ACCOUNTS,https://cga.nic.in/MonthlyReport/Published/6/2025-2026.aspx
2025-2026,6,June,Urea Subsidy,118887.20,31523.37,19910.75,27%,(17%),2025-07-15,2026-04-13,CONTROLLER GENERAL OF ACCOUNTS,https://cga.nic.in/MonthlyReport/Published/6/2025-2026.aspx
2025-2026,6,June,Petroleum,12100.01,255.03,380.13,2 %,(3%),2025-07-15,2026-04-13,CONTROLLER GENERAL OF ACCOUNTS,https://cga.nic.in/MonthlyReport/Published/6/2025-2026.aspx
2025-2026,6,June,Total Major Subsidies,383407.21,83554.22,90174.02,22%,(24%),2025-07-15,2026-04-13,CONTROLLER GENERAL OF ACCOUNTS,https://cga.nic.in/MonthlyReport/Published/6/2025-2026.aspx
2025-2026,7,July,Food Subsidy,203420.00,54022.25,78897.17,27%,(38%),2025-08-15,2026-04-13,CONTROLLER GENERAL OF ACCOUNTS,https://cga.nic.in/MonthlyReport/Published/7/2025-2026.aspx
2025-2026,7,July,Nutrient Based Fertilizers Subsidy,49000.00,17236.72,12759.32,35 %,(28%),2025-08-15,2026-04-13,CONTROLLER GENERAL OF ACCOUNTS,https://cga.nic.in/MonthlyReport/Published/7/2025-2026.aspx
2025-2026,7,July,Urea Subsidy,118887.20,41927.11,30455.85,35%,(26%),2025-08-15,2026-04-13,CONTROLLER GENERAL OF ACCOUNTS,https://cga.nic.in/MonthlyReport/Published/7/2025-2026.aspx
2025-2026,7,July,Petroleum,12100.01,406.20,3526.81,3 %,(30%),2025-08-15,2026-04-13,CONTROLLER GENERAL OF ACCOUNTS,https://cga.nic.in/MonthlyReport/Published/7/2025-2026.aspx
2025-2026,7,July,Total Major Subsidies,383407.21,113592.28,125639.15,30%,(33%),2025-08-15,2026-04-13,CONTROLLER GENERAL OF ACCOUNTS,https://cga.nic.in/MonthlyReport/Published/7/2025-2026.aspx
2025-2026,8,August,Food Subsidy,203420.00,64408.13,113790.70,32%,(55%),2025-09-15,2026-04-13,CONTROLLER GENERAL OF ACCOUNTS,https://cga.nic.in/MonthlyReport/Published/8/2025-2026.aspx
2025-2026,8,August,Nutrient Based Fertilizers Subsidy,49000.00,24841.09,17814.80,51 %,(40%),2025-09-15,2026-04-13,CONTROLLER GENERAL OF ACCOUNTS,https://cga.nic.in/MonthlyReport/Published/8/2025-2026.aspx
2025-2026,8,August,Urea Subsidy,118887.20,60622.02,43355.09,51 %,(36%),2025-09-15,2026-04-13,CONTROLLER GENERAL OF ACCOUNTS,https://cga.nic.in/MonthlyReport/Published/8/2025-2026.aspx
2025-2026,8,August,Petroleum,12100.01,505.53,3664.09,4 %,(31%),2025-09-15,2026-04-13,CONTROLLER GENERAL OF ACCOUNTS,https://cga.nic.in/MonthlyReport/Published/8/2025-2026.aspx
2025-2026,8,August,Total Major Subsidies,383407.21,150376.77,178624.68,39%,(47%),2025-09-15,2026-04-13,CONTROLLER GENERAL OF ACCOUNTS,https://cga.nic.in/MonthlyReport/Published/8/2025-2026.aspx
2025-2026,9,September,Food Subsidy,203420.00,88375.35,121436.78,43%,(59%),2025-10-15,2026-04-13,CONTROLLER GENERAL OF ACCOUNTS,https://cga.nic.in/MonthlyReport/Published/9/2025-2026.aspx
2025-2026,9,September,Nutrient Based Fertilizers Subsidy,49000.00,29301.49,26193.21,60%,(58%),2025-10-15,2026-04-13,CONTROLLER GENERAL OF ACCOUNTS,https://cga.nic.in/MonthlyReport/Published/9/2025-2026.aspx
2025-2026,9,September,Urea Subsidy,118887.20,77973.67,63267.44,66%,(53%),2025-10-15,2026-04-13,CONTROLLER GENERAL OF ACCOUNTS,https://cga.nic.in/MonthlyReport/Published/9/2025-2026.aspx
2025-2026,9,September,Petroleum,12100.01,6716.68,3760.52,56%,(32%),2025-10-15,2026-04-13,CONTROLLER GENERAL OF ACCOUNTS,https://cga.nic.in/MonthlyReport/Published/9/2025-2026.aspx
2025-2026,9,September,Total Major Subsidies,383407.21,202367.19,214657.95,53%,(56%),2025-10-15,2026-04-13,CONTROLLER GENERAL OF ACCOUNTS,https://cga.nic.in/MonthlyReport/Published/9/2025-2026.aspx
2025-2026,10,October,Food Subsidy,203420.00,116375.34,140239.11,57%,(68%),2025-11-15,2026-04-13,CONTROLLER GENERAL OF ACCOUNTS,https://cga.nic.in/MonthlyReport/Published/10/2025-2026.aspx
2025-2026,10,October,Nutrient Based Fertilizers Subsidy,49000.00,35387.62,31173.20,72 %,(69%),2025-11-15,2026-04-13,CONTROLLER GENERAL OF ACCOUNTS,https://cga.nic.in/MonthlyReport/Published/10/2025-2026.aspx
2025-2026,10,October,Urea Subsidy,118887.20,87927.62,71272.72,74 %,(60%),2025-11-15,2026-04-13,CONTROLLER GENERAL OF ACCOUNTS,https://cga.nic.in/MonthlyReport/Published/10/2025-2026.aspx
2025-2026,10,October,Petroleum,12100.01,6884.68,5985.40,57%,(50%),2025-11-15,2026-04-13,CONTROLLER GENERAL OF ACCOUNTS,https://cga.nic.in/MonthlyReport/Published/10/2025-2026.aspx
2025-2026,10,October,Total Major Subsidies,383407.21,246575.26,248670.43,64 %,(65%),2025-11-15,2026-04-13,CONTROLLER GENERAL OF ACCOUNTS,https://cga.nic.in/MonthlyReport/Published/10/2025-2026.aspx
2025-2026,11,November,Food Subsidy,203420.00,137300.59,151765.26,67%,(74%),2025-12-15,2026-04-13,CONTROLLER GENERAL OF ACCOUNTS,https://cga.nic.in/MonthlyReport/Published/11/2025-2026.aspx
2025-2026,11,November,Nutrient Based Fertilizers Subsidy,49000.00,46376.88,37273.35,95%,(83%),2025-12-15,2026-04-13,CONTROLLER GENERAL OF ACCOUNTS,https://cga.nic.in/MonthlyReport/Published/11/2025-2026.aspx
2025-2026,11,November,Urea Subsidy,118887.20,96026.95,84089.36,81%,(71%),2025-12-15,2026-04-13,CONTROLLER GENERAL OF ACCOUNTS,https://cga.nic.in/MonthlyReport/Published/11/2025-2026.aspx
2025-2026,11,November,Petroleum,12100.01,8628.66,6082.82,71%,(51%),2025-12-15,2026-04-13,CONTROLLER GENERAL OF ACCOUNTS,https://cga.nic.in/MonthlyReport/Published/11/2025-2026.aspx
2025-2026,11,November,Total Major Subsidies,383407.21,288333.08,279210.79,75%,(73%),2025-12-15,2026-04-13,CONTROLLER GENERAL OF ACCOUNTS,https://cga.nic.in/MonthlyReport/Published/11/2025-2026.aspx
2025-2026,12,December,Food Subsidy,203420.00,151178.70,163716.30,74%,(80%),2026-01-15,2026-04-13,CONTROLLER GENERAL OF ACCOUNTS,https://cga.nic.in/MonthlyReport/Published/12/2025-2026.aspx
2025-2026,12,December,Nutrient Based Fertilizers Subsidy,49000.00,48689.62,40990.68,99%,(91%),2026-01-15,2026-04-13,CONTROLLER GENERAL OF ACCOUNTS,https://cga.nic.in/MonthlyReport/Published/12/2025-2026.aspx
2025-2026,12,December,Urea Subsidy,118887.20,108901.18,95407.98,92%,(80%),2026-01-15,2026-04-13,CONTROLLER GENERAL OF ACCOUNTS,https://cga.nic.in/MonthlyReport/Published/12/2025-2026.aspx
2025-2026,12,December,Petroleum,12100.01,8720.42,6879.23,72%,(58%),2026-01-15,2026-04-13,CONTROLLER GENERAL OF ACCOUNTS,https://cga.nic.in/MonthlyReport/Published/12/2025-2026.aspx
2025-2026,12,December,Total Major Subsidies,383407.21,317489.92,306994.19,83%,(81%),2026-01-15,2026-04-13,CONTROLLER GENERAL OF ACCOUNTS,https://cga.nic.in/MonthlyReport/Published/12/2025-2026.aspx
